Model,Accuracy,Precision,Recall,F1-score,ROC-AUC
catboost,0.9152830991911451,1.0,0.6328413284132841,0.7751412429378531,0.8334449669897916
lightgbm,0.9118773946360154,0.9970326409495549,0.6199261992619927,0.764505119453925,0.8276587359122068
xgboost,0.9114516815666242,0.9771428571428571,0.6309963099630996,0.7668161434977578,0.848882063806803
gradient_boosting,0.9016602809706258,1.0,0.5738007380073801,0.7291910902696366,0.8245629440245703
random_forest,0.8735632183908046,0.9841897233201581,0.45940959409594095,0.6264150943396226,0.8826080208782165
support_vector_machine,0.8416347381864623,0.83203125,0.3929889298892989,0.5338345864661656,0.8185816943946971
decision_tree,0.7935291613452533,0.5475792988313857,0.6051660516605166,0.574934268185802,0.7275968609160357
k-nearest_neighbors,0.7820349084716901,0.5201612903225806,0.7140221402214022,0.6018662519440123,0.8292107160141884
logistic_regression,0.7773520647083866,0.6233766233766234,0.08856088560885608,0.15508885298869143,0.6986126114719918
